epoch,train/box_loss,train/cls_loss,train/dfl_loss,metrics/precision(B),metrics/recall(B),metrics/mAP50(B),metrics/mAP50-95(B),val/box_loss,val/cls_loss,val/dfl_loss,lr/pg0,lr/pg1,lr/pg2
1,4.0427,3.9811,3.0846,0.5345,0.03761,0.02393,0.0066,3.3952,3.1164,2.6203,0.070056,0.0033271,0.0033271
2,3.0585,3.0737,2.3847,0.3353,0.17485,0.10256,0.03764,2.6915,2.7005,2.1243,0.040055,0.0066597,0.0066597
3,2.4725,2.5766,1.9875,0.39614,0.14878,0.10955,0.0463,2.4158,2.7035,1.9689,0.010052,0.0099894,0.0099894
4,2.2209,2.3216,1.8156,0.5047,0.31682,0.30182,0.1393,1.9772,1.8264,1.6187,0.0099902,0.0099902,0.0099902
5,2.0563,2.0681,1.6874,0.59507,0.37727,0.40599,0.20182,1.7826,1.5911,1.5059,0.0099826,0.0099826,0.0099826
6,1.9685,1.929,1.6162,0.53888,0.43193,0.43714,0.23022,1.7467,1.5267,1.4663,0.0099729,0.0099729,0.0099729
7,1.9002,1.8071,1.5782,0.59692,0.46034,0.49246,0.25342,1.7021,1.47,1.434,0.009961,0.009961,0.009961
8,1.848,1.725,1.5279,0.55871,0.49924,0.52718,0.27454,1.6629,1.3454,1.396,0.0099469,0.0099469,0.0099469
9,1.8044,1.6623,1.5218,0.55003,0.51772,0.53118,0.28133,1.6063,1.304,1.3636,0.0099307,0.0099307,0.0099307
10,1.7662,1.5663,1.4714,0.66917,0.51384,0.55767,0.30558,1.5904,1.2582,1.3576,0.0099123,0.0099123,0.0099123
11,1.7452,1.5207,1.4446,0.59364,0.55819,0.58295,0.32328,1.5557,1.1944,1.3365,0.0098918,0.0098918,0.0098918
12,1.7033,1.469,1.4288,0.58687,0.54292,0.59734,0.33432,1.5263,1.1691,1.3185,0.0098692,0.0098692,0.0098692
13,1.6894,1.4243,1.4211,0.59622,0.56302,0.61033,0.3491,1.5195,1.1235,1.3062,0.0098445,0.0098445,0.0098445
14,1.659,1.392,1.4167,0.60071,0.57484,0.62469,0.35762,1.4899,1.1169,1.2943,0.0098177,0.0098177,0.0098177
15,1.6457,1.3625,1.4048,0.7608,0.55439,0.62796,0.36168,1.4869,1.1094,1.3021,0.0097887,0.0097887,0.0097887
16,1.6421,1.3289,1.391,0.61656,0.63676,0.64932,0.3709,1.4775,1.0794,1.2833,0.0097577,0.0097577,0.0097577
17,1.6136,1.2939,1.3698,0.60589,0.62665,0.64905,0.37385,1.4851,1.0562,1.2939,0.0097247,0.0097247,0.0097247
18,1.6007,1.2876,1.3673,0.72694,0.58873,0.67122,0.39018,1.4677,1.0524,1.2781,0.0096895,0.0096895,0.0096895
19,1.5744,1.2663,1.3677,0.75098,0.58986,0.6827,0.39794,1.4598,1.0152,1.2694,0.0096524,0.0096524,0.0096524
20,1.5703,1.2184,1.3514,0.77755,0.60148,0.68652,0.40386,1.4518,1.0195,1.2661,0.0096132,0.0096132,0.0096132
21,1.56,1.2145,1.344,0.72004,0.6365,0.69497,0.41697,1.4302,0.99616,1.2577,0.0095721,0.0095721,0.0095721
22,1.5476,1.1948,1.3386,0.77761,0.60228,0.68777,0.41208,1.4265,1.0023,1.2593,0.0095289,0.0095289,0.0095289
23,1.5357,1.1801,1.3317,0.716,0.65378,0.72143,0.42771,1.4199,0.97381,1.2502,0.0094838,0.0094838,0.0094838
24,1.5226,1.1588,1.3249,0.72623,0.65254,0.7159,0.42572,1.4278,0.95735,1.2565,0.0094367,0.0094367,0.0094367
25,1.5236,1.158,1.3336,0.78029,0.65591,0.73075,0.43555,1.403,0.94641,1.2441,0.0093877,0.0093877,0.0093877
26,1.5111,1.1284,1.3103,0.78628,0.64261,0.74442,0.44993,1.396,0.92394,1.2388,0.0093368,0.0093368,0.0093368
27,1.5047,1.1368,1.323,0.78612,0.6636,0.7461,0.45161,1.4033,0.9278,1.2354,0.0092841,0.0092841,0.0092841
28,1.4783,1.092,1.2932,0.7417,0.6704,0.73679,0.44785,1.3897,0.90466,1.2328,0.0092294,0.0092294,0.0092294
29,1.4816,1.1116,1.309,0.74608,0.65976,0.73466,0.44981,1.381,0.91618,1.2268,0.009173,0.009173,0.009173
30,1.4953,1.0915,1.3079,0.79296,0.68214,0.75985,0.46149,1.3817,0.90471,1.2271,0.0091147,0.0091147,0.0091147
31,1.4642,1.0643,1.29,0.76968,0.6863,0.75366,0.45947,1.375,0.89236,1.2261,0.0090546,0.0090546,0.0090546
32,1.473,1.067,1.3038,0.82321,0.68169,0.77673,0.47656,1.3638,0.88913,1.2218,0.0089928,0.0089928,0.0089928
33,1.4508,1.0451,1.2838,0.7972,0.6678,0.7626,0.4654,1.3658,0.87644,1.2282,0.0089293,0.0089293,0.0089293
34,1.4641,1.0332,1.2738,0.73016,0.71267,0.76523,0.47474,1.3456,0.87023,1.2125,0.008864,0.008864,0.008864
35,1.4342,1.0258,1.2747,0.80391,0.68792,0.77591,0.47797,1.3597,0.86506,1.2157,0.0087971,0.0087971,0.0087971
36,1.4401,1.0271,1.2804,0.82631,0.70536,0.78773,0.48983,1.3582,0.86035,1.2124,0.0087286,0.0087286,0.0087286
37,1.4391,1.0114,1.2823,0.75387,0.71737,0.77614,0.47866,1.3552,0.8465,1.2119,0.0086584,0.0086584,0.0086584
38,1.4425,1.0201,1.2791,0.79359,0.69924,0.78185,0.48408,1.3552,0.85606,1.2112,0.0085866,0.0085866,0.0085866
39,1.4088,0.98182,1.2515,0.79517,0.69926,0.79297,0.49221,1.3449,0.84336,1.2087,0.0085133,0.0085133,0.0085133
40,1.4048,0.98041,1.2516,0.81544,0.71767,0.79606,0.49026,1.3404,0.83368,1.2087,0.0084385,0.0084385,0.0084385
41,1.3962,0.9663,1.2607,0.75724,0.74416,0.8009,0.50405,1.3471,0.83329,1.2083,0.0083622,0.0083622,0.0083622
42,1.3768,0.96095,1.253,0.7952,0.71194,0.79096,0.49735,1.3325,0.83111,1.2026,0.0082844,0.0082844,0.0082844
43,1.3883,0.96757,1.2506,0.82411,0.70634,0.78957,0.49027,1.3406,0.81666,1.2065,0.0082052,0.0082052,0.0082052
44,1.4013,0.96177,1.252,0.80558,0.73356,0.80334,0.50209,1.339,0.81413,1.2021,0.0081247,0.0081247,0.0081247
45,1.3773,0.9406,1.2479,0.7926,0.72475,0.79786,0.5009,1.3375,0.81546,1.2019,0.0080428,0.0080428,0.0080428
46,1.38,0.94074,1.2473,0.84232,0.73467,0.81413,0.51484,1.3298,0.80748,1.1954,0.0079595,0.0079595,0.0079595
47,1.3729,0.92401,1.238,0.8268,0.73348,0.81424,0.51667,1.3296,0.80653,1.2002,0.007875,0.007875,0.007875
48,1.3638,0.91896,1.2418,0.77488,0.75708,0.80399,0.50964,1.3229,0.80623,1.1996,0.0077893,0.0077893,0.0077893
49,1.3618,0.91235,1.2334,0.82407,0.74792,0.8137,0.51759,1.3207,0.79766,1.2013,0.0077023,0.0077023,0.0077023
50,1.3621,0.90448,1.2346,0.83677,0.72031,0.81252,0.50776,1.3192,0.80022,1.1938,0.0076142,0.0076142,0.0076142
51,1.3675,0.92106,1.2422,0.76965,0.76477,0.80905,0.51206,1.3203,0.79237,1.1976,0.007525,0.007525,0.007525
52,1.3393,0.89038,1.2165,0.77852,0.78757,0.82604,0.5247,1.3291,0.7909,1.1985,0.0074347,0.0074347,0.0074347
53,1.347,0.89114,1.226,0.80608,0.7488,0.80985,0.50845,1.3198,0.7984,1.1967,0.0073433,0.0073433,0.0073433
54,1.3352,0.87843,1.2181,0.86196,0.69052,0.81472,0.51746,1.3189,0.79481,1.1923,0.0072509,0.0072509,0.0072509
55,1.3371,0.87929,1.2101,0.82484,0.7021,0.80285,0.50933,1.3253,0.78954,1.1969,0.0071576,0.0071576,0.0071576
56,1.3301,0.88139,1.2253,0.83273,0.74006,0.81886,0.52248,1.3116,0.7843,1.1895,0.0070633,0.0070633,0.0070633
57,1.3076,0.86275,1.2052,0.83817,0.7221,0.81669,0.5133,1.3148,0.79223,1.1911,0.0069682,0.0069682,0.0069682
58,1.2921,0.84941,1.2004,0.81038,0.73532,0.81596,0.52088,1.3041,0.78109,1.1868,0.0068722,0.0068722,0.0068722
59,1.317,0.86578,1.2152,0.78613,0.78211,0.82336,0.52612,1.309,0.77701,1.1888,0.0067754,0.0067754,0.0067754
60,1.3026,0.83404,1.1984,0.84191,0.7553,0.825,0.52842,1.3081,0.77373,1.1886,0.0066779,0.0066779,0.0066779
61,1.2898,0.83487,1.1926,0.8473,0.74542,0.82576,0.52839,1.3068,0.77112,1.1891,0.0065796,0.0065796,0.0065796
62,1.2853,0.82969,1.1972,0.85369,0.73336,0.82406,0.52796,1.3103,0.77247,1.1915,0.0064807,0.0064807,0.0064807
63,1.2925,0.8293,1.1956,0.81432,0.7711,0.82554,0.5344,1.302,0.7664,1.1887,0.0063812,0.0063812,0.0063812
64,1.2809,0.81896,1.1981,0.80327,0.76887,0.82533,0.52788,1.3031,0.76982,1.1867,0.006281,0.006281,0.006281
65,1.2795,0.80941,1.1985,0.78559,0.78492,0.82584,0.52411,1.31,0.7629,1.1892,0.0061803,0.0061803,0.0061803
66,1.2833,0.80619,1.1943,0.82374,0.75718,0.82317,0.52963,1.307,0.75876,1.1893,0.0060792,0.0060792,0.0060792
67,1.2604,0.79381,1.1804,0.81886,0.7585,0.82748,0.52838,1.3003,0.75507,1.1868,0.0059775,0.0059775,0.0059775
68,1.266,0.79283,1.186,0.82491,0.76478,0.8267,0.53608,1.2936,0.74754,1.185,0.0058755,0.0058755,0.0058755
69,1.248,0.7931,1.185,0.83815,0.76,0.83271,0.54003,1.2942,0.75134,1.1838,0.0057731,0.0057731,0.0057731
70,1.2471,0.78042,1.1779,0.84742,0.75637,0.82888,0.54162,1.2915,0.75259,1.1838,0.0056704,0.0056704,0.0056704
71,1.2583,0.78911,1.1837,0.86157,0.72738,0.82468,0.53647,1.2943,0.75253,1.1856,0.0055674,0.0055674,0.0055674
72,1.2506,0.77526,1.176,0.84816,0.72744,0.81714,0.53508,1.2978,0.74856,1.1901,0.0054642,0.0054642,0.0054642
73,1.2355,0.76549,1.1658,0.85419,0.75244,0.83125,0.53967,1.2889,0.74303,1.1837,0.0053608,0.0053608,0.0053608
74,1.2256,0.7555,1.1563,0.84992,0.7513,0.83614,0.54596,1.2887,0.73875,1.1805,0.0052573,0.0052573,0.0052573
75,1.2184,0.7628,1.1651,0.85489,0.75971,0.82879,0.54049,1.2891,0.74842,1.1835,0.0051537,0.0051537,0.0051537
76,1.2221,0.75734,1.1686,0.86233,0.72935,0.82578,0.54334,1.2884,0.74027,1.1839,0.00505,0.00505,0.00505
77,1.209,0.75437,1.1575,0.84332,0.75553,0.83023,0.54553,1.2863,0.73923,1.1836,0.0049463,0.0049463,0.0049463
78,1.207,0.74396,1.1513,0.86367,0.75352,0.83305,0.54336,1.2795,0.74086,1.1803,0.0048427,0.0048427,0.0048427
79,1.2045,0.73368,1.1408,0.85265,0.76363,0.83548,0.54465,1.2846,0.74567,1.1855,0.0047392,0.0047392,0.0047392
80,1.1963,0.72444,1.145,0.8518,0.76014,0.8372,0.55103,1.2849,0.74373,1.1861,0.0046358,0.0046358,0.0046358
81,1.1903,0.71849,1.1455,0.86034,0.76047,0.83604,0.54756,1.28,0.73508,1.1772,0.0045326,0.0045326,0.0045326
82,1.1928,0.72745,1.145,0.84238,0.76234,0.82465,0.54367,1.283,0.73936,1.1817,0.0044296,0.0044296,0.0044296
83,1.1766,0.71087,1.1347,0.81002,0.78265,0.83117,0.54633,1.2817,0.74153,1.1837,0.0043269,0.0043269,0.0043269
84,1.181,0.71672,1.1339,0.82062,0.76951,0.83047,0.54621,1.285,0.73889,1.1841,0.0042245,0.0042245,0.0042245
85,1.1687,0.70773,1.1373,0.86487,0.74714,0.83797,0.54969,1.2841,0.73869,1.1817,0.0041225,0.0041225,0.0041225
86,1.183,0.70512,1.1395,0.81142,0.78813,0.83851,0.54777,1.2802,0.73595,1.1821,0.0040208,0.0040208,0.0040208
87,1.1591,0.69635,1.1266,0.83444,0.76388,0.83146,0.54525,1.2845,0.74083,1.1836,0.0039197,0.0039197,0.0039197
88,1.1682,0.70536,1.1245,0.81712,0.77505,0.83575,0.54771,1.2792,0.74048,1.1853,0.003819,0.003819,0.003819
89,1.1441,0.6887,1.1227,0.82198,0.77249,0.83159,0.55063,1.2783,0.73621,1.1845,0.0037188,0.0037188,0.0037188
90,1.1359,0.68072,1.1218,0.84403,0.7587,0.83309,0.55055,1.2816,0.73945,1.1856,0.0036193,0.0036193,0.0036193
91,1.1348,0.68446,1.1179,0.84282,0.76347,0.83327,0.55188,1.2789,0.74029,1.1859,0.0035204,0.0035204,0.0035204
92,1.1345,0.67821,1.1154,0.83647,0.77362,0.83356,0.55311,1.2749,0.73777,1.1828,0.0034221,0.0034221,0.0034221
93,1.1372,0.67753,1.1168,0.84833,0.76254,0.83367,0.55239,1.2728,0.73645,1.1822,0.0033246,0.0033246,0.0033246
94,1.113,0.66381,1.1022,0.82579,0.77049,0.83211,0.55,1.2743,0.74034,1.1864,0.0032278,0.0032278,0.0032278
95,1.1097,0.65738,1.1038,0.84086,0.78019,0.83254,0.55111,1.2712,0.74417,1.1831,0.0031318,0.0031318,0.0031318
96,1.1131,0.66207,1.0998,0.83173,0.78898,0.83137,0.55292,1.2702,0.74004,1.1869,0.0030367,0.0030367,0.0030367
97,1.1239,0.66916,1.1038,0.83911,0.77347,0.83117,0.54978,1.2708,0.73923,1.1846,0.0029424,0.0029424,0.0029424
98,1.1002,0.65231,1.1083,0.79109,0.79769,0.831,0.55194,1.2649,0.73906,1.1853,0.0028491,0.0028491,0.0028491
99,1.1063,0.65423,1.0991,0.821,0.7732,0.82797,0.54934,1.2678,0.73928,1.1851,0.0027567,0.0027567,0.0027567
100,1.1176,0.65733,1.0967,0.85672,0.754,0.83485,0.55465,1.2683,0.73554,1.1855,0.0026653,0.0026653,0.0026653
101,1.0815,0.64077,1.0875,0.85453,0.7683,0.83144,0.55623,1.2665,0.74092,1.1859,0.002575,0.002575,0.002575
102,1.0941,0.64901,1.103,0.87789,0.73294,0.83229,0.5552,1.2647,0.73414,1.1838,0.0024858,0.0024858,0.0024858
103,1.0948,0.64409,1.0974,0.84764,0.75095,0.83119,0.55687,1.2612,0.73721,1.1862,0.0023977,0.0023977,0.0023977
104,1.0902,0.63795,1.0924,0.8405,0.76977,0.8353,0.55681,1.2653,0.73473,1.1865,0.0023107,0.0023107,0.0023107
105,1.0741,0.62799,1.0919,0.84376,0.77047,0.83318,0.56029,1.2632,0.73441,1.1865,0.002225,0.002225,0.002225
106,1.0675,0.62404,1.0768,0.86122,0.76297,0.83451,0.55543,1.269,0.74115,1.1904,0.0021405,0.0021405,0.0021405
107,1.0609,0.61794,1.0734,0.83849,0.77177,0.83022,0.55157,1.2693,0.73783,1.1901,0.0020572,0.0020572,0.0020572
108,1.056,0.6228,1.0781,0.8328,0.77643,0.83429,0.55758,1.2684,0.73849,1.1908,0.0019753,0.0019753,0.0019753
109,1.0518,0.61362,1.0781,0.85379,0.76536,0.83234,0.55709,1.2657,0.73378,1.1879,0.0018948,0.0018948,0.0018948
110,1.0497,0.61688,1.0855,0.84924,0.7765,0.83306,0.55349,1.2635,0.73401,1.1862,0.0018156,0.0018156,0.0018156
111,1.056,0.61227,1.0714,0.83484,0.78042,0.83146,0.55629,1.2651,0.74238,1.1866,0.0017378,0.0017378,0.0017378
112,1.0371,0.60046,1.0653,0.83959,0.77981,0.83243,0.55744,1.2634,0.74258,1.1877,0.0016615,0.0016615,0.0016615
113,1.0457,0.60432,1.0702,0.82861,0.80445,0.83314,0.56027,1.2618,0.74149,1.1878,0.0015867,0.0015867,0.0015867
114,1.0287,0.60068,1.0717,0.84279,0.77782,0.83325,0.55868,1.261,0.73973,1.1884,0.0015134,0.0015134,0.0015134
115,1.0123,0.58508,1.06,0.8344,0.79478,0.83522,0.56074,1.2616,0.73751,1.1881,0.0014416,0.0014416,0.0014416
116,1.024,0.60221,1.0705,0.84524,0.79136,0.83594,0.55981,1.2574,0.7345,1.1891,0.0013714,0.0013714,0.0013714
117,1.0253,0.59691,1.0573,0.84203,0.79308,0.83475,0.56078,1.2535,0.73404,1.1872,0.0013029,0.0013029,0.0013029
118,1.0275,0.60109,1.0759,0.84055,0.79262,0.83377,0.56084,1.2548,0.73729,1.19,0.001236,0.001236,0.001236
119,1.0238,0.59076,1.066,0.83878,0.78971,0.83324,0.55596,1.2584,0.73771,1.1913,0.0011707,0.0011707,0.0011707
120,1.0201,0.59238,1.0559,0.83743,0.78422,0.83349,0.55964,1.2591,0.73913,1.1918,0.0011072,0.0011072,0.0011072
121,1.0036,0.58094,1.0556,0.83399,0.78904,0.83394,0.56178,1.2589,0.7396,1.1914,0.0010454,0.0010454,0.0010454
122,0.9993,0.58412,1.0569,0.83402,0.79307,0.83323,0.56043,1.2597,0.73861,1.1931,0.00098531,0.00098531,0.00098531
123,1.0008,0.57523,1.047,0.8256,0.79411,0.83274,0.55935,1.2596,0.7383,1.1934,0.00092704,0.00092704,0.00092704
124,1.0185,0.58755,1.0649,0.87186,0.75066,0.83298,0.55859,1.2611,0.73902,1.1934,0.00087058,0.00087058,0.00087058
125,1.0053,0.57813,1.0511,0.8505,0.77146,0.83254,0.55752,1.2607,0.73906,1.194,0.00081595,0.00081595,0.00081595
126,1.0003,0.58149,1.0466,0.85277,0.77199,0.83273,0.55937,1.2598,0.73834,1.1934,0.00076317,0.00076317,0.00076317
127,0.99411,0.57554,1.0442,0.84559,0.77775,0.83315,0.55836,1.2592,0.73938,1.1947,0.00071228,0.00071228,0.00071228
128,1.0006,0.57558,1.0533,0.83882,0.78368,0.83192,0.55575,1.2585,0.74043,1.1935,0.00066329,0.00066329,0.00066329
129,0.9873,0.56747,1.0447,0.84091,0.77541,0.83114,0.5585,1.2578,0.74067,1.1939,0.00061623,0.00061623,0.00061623
130,0.99449,0.58108,1.0504,0.81943,0.78816,0.83068,0.55689,1.2565,0.74077,1.1935,0.00057111,0.00057111,0.00057111
131,0.98034,0.56526,1.0442,0.84234,0.77991,0.83199,0.56003,1.2543,0.74122,1.1931,0.00052795,0.00052795,0.00052795
132,0.97213,0.56745,1.0444,0.83745,0.7883,0.83394,0.56181,1.2563,0.74254,1.1958,0.00048678,0.00048678,0.00048678
133,0.98674,0.57097,1.0511,0.83458,0.78373,0.83224,0.56053,1.2563,0.74074,1.1953,0.00044761,0.00044761,0.00044761
134,0.97313,0.56661,1.033,0.85166,0.76366,0.83166,0.56035,1.2564,0.74055,1.1949,0.00041045,0.00041045,0.00041045
135,0.97851,0.56534,1.0429,0.84789,0.76636,0.83117,0.56112,1.2556,0.73956,1.1948,0.00037534,0.00037534,0.00037534
136,0.96734,0.55946,1.029,0.84769,0.77007,0.83134,0.56096,1.2562,0.7401,1.1947,0.00034227,0.00034227,0.00034227
137,0.97296,0.56382,1.0393,0.84646,0.77094,0.83236,0.5604,1.2566,0.73993,1.1951,0.00031127,0.00031127,0.00031127
138,0.96509,0.5574,1.0377,0.84823,0.76935,0.83357,0.56051,1.2574,0.74072,1.196,0.00028235,0.00028235,0.00028235
139,0.97019,0.56796,1.041,0.81278,0.79067,0.83275,0.56088,1.258,0.74067,1.1963,0.00025551,0.00025551,0.00025551
140,0.97036,0.56193,1.0461,0.81684,0.7863,0.8327,0.5612,1.2572,0.73894,1.1963,0.00023078,0.00023078,0.00023078
141,0.90785,0.489,1.0353,0.81556,0.79256,0.83195,0.56095,1.2568,0.73907,1.1967,0.00020817,0.00020817,0.00020817
142,0.8965,0.48524,1.0269,0.82281,0.77815,0.83103,0.55908,1.2566,0.74028,1.1975,0.00018768,0.00018768,0.00018768
143,0.8977,0.48705,1.0266,0.81736,0.79441,0.83146,0.55894,1.2562,0.7405,1.1977,0.00016932,0.00016932,0.00016932
144,0.88582,0.47599,1.0167,0.81948,0.79327,0.8305,0.55949,1.2562,0.74131,1.1982,0.0001531,0.0001531,0.0001531
145,0.88067,0.47574,1.0174,0.81784,0.79164,0.83015,0.55982,1.2566,0.74171,1.1989,0.00013903,0.00013903,0.00013903
146,0.88755,0.47473,1.019,0.82339,0.78661,0.82962,0.55921,1.2566,0.74275,1.1997,0.00012712,0.00012712,0.00012712
147,0.87559,0.4736,1.0227,0.82376,0.7849,0.82873,0.55898,1.2565,0.74323,1.2002,0.00011736,0.00011736,0.00011736
148,0.8823,0.47638,1.0193,0.82509,0.78435,0.82809,0.55904,1.2572,0.74365,1.2008,0.00010977,0.00010977,0.00010977
149,0.88233,0.47545,1.018,0.86375,0.75501,0.82797,0.55798,1.2575,0.74371,1.201,0.00010434,0.00010434,0.00010434
150,0.87076,0.46782,1.0103,0.82827,0.78182,0.82778,0.55843,1.2577,0.74408,1.2011,0.00010109,0.00010109,0.00010109
